{"cameraMode":{"drawMode":0,"name":"Shaded","section":"Shading Mode"},"sceneLighting":true,"audioPlay":false,"sceneViewState":{"showFog":false,"showMaterialUpdate":false,"showSkybox":false,"showFlares":false,"showImageEffects":false,"showParticleSystems":false},"in2DMode":false,"pivot":{"x":-6.942935466766357,"y":-3.758890151977539,"z":7.319858074188232},"rotation":{"x":0.4182760417461395,"y":-0.4476512372493744,"z":0.249698668718338,"w":0.7498711943626404},"size":2.8345770835876467,"orthographic":false}