{"cameraMode":{"drawMode":0,"name":"Shaded","section":"Shading Mode"},"sceneLighting":true,"audioPlay":false,"sceneViewState":{"showFog":false,"showMaterialUpdate":false,"showSkybox":false,"showFlares":false,"showImageEffects":false,"showParticleSystems":false},"in2DMode":false,"pivot":{"x":0.2868894934654236,"y":0.8277334570884705,"z":-9.556645393371582},"rotation":{"x":0.177975594997406,"y":-0.20105889439582826,"z":0.03718499094247818,"w":0.9626984000205994},"size":4.786076545715332,"orthographic":false}